%time,field.header.seq,field.header.stamp,field.header.frame_id,field.name0,field.name1,field.name2,field.name3,field.position0,field.position1,field.position2,field.position3,field.velocity0,field.velocity1,field.velocity2,field.velocity3,field.effort0,field.effort1,field.effort2,field.effort3
248305000000,2482,248300000000,,front_steering_joint,front_wheel_joint,left_wheel_joint,right_wheel_joint,0.838751564096,-37.5412380063,-17.3506342389,71.6713782883,9.9929453775,-0.166504396897,0.307752525202,0.477642417618,0.0,0.0,0.0,0.0
248405000000,2483,248400000000,,front_steering_joint,front_wheel_joint,left_wheel_joint,right_wheel_joint,-0.101771998879,-37.5574059324,-17.3724088036,71.6696995241,-9.9932838,-0.120613524546,-0.71014684227,-0.455509974277,0.0,0.0,0.0,0.0
248505000000,2484,248505000000,,front_steering_joint,front_wheel_joint,left_wheel_joint,right_wheel_joint,0.837418069149,-37.5646546491,-17.456312261,71.6096753457,10.009245392,0.0117786022383,-0.810652618966,-0.530897398664,0.0,0.0,0.0,0.0
248605000000,2485,248600000000,,front_steering_joint,front_wheel_joint,left_wheel_joint,right_wheel_joint,-0.101837362409,-37.563953855,-17.525470483,71.5661198324,-9.99780655812,-0.179259816353,-0.432417578982,-0.454124250553,0.0,0.0,0.0,0.0
248705000000,2486,248705000000,,front_steering_joint,front_wheel_joint,left_wheel_joint,right_wheel_joint,0.837941294022,-37.563477255,-17.5591781388,71.5330141302,9.97693938358,-0.00227084241379,-0.174504689744,-0.231542870424,0.0,0.0,0.0,0.0
248805000000,2487,248800000000,,front_steering_joint,front_wheel_joint,left_wheel_joint,right_wheel_joint,-0.100983169706,-37.5549111427,-17.5445166632,71.517657337,-9.99998266207,0.0627236845098,0.410732562324,0.110677860601,0.0,0.0,0.0,0.0
248905000000,2488,248900000000,,front_steering_joint,front_wheel_joint,left_wheel_joint,right_wheel_joint,0.838047962119,-37.5511113255,-17.4993008779,71.5502494153,10.0022577159,0.122319004193,0.611904242545,0.324055739949,0.0,0.0,0.0,0.0
249005000000,2489,249000000000,,front_steering_joint,front_wheel_joint,left_wheel_joint,right_wheel_joint,-0.103017242281,-37.5390762057,-17.4210402894,71.591902515,-10.0255071635,0.229144558818,0.801839177602,0.705660379301,0.0,0.0,0.0,0.0
249105000000,2490,249100000000,,front_steering_joint,front_wheel_joint,left_wheel_joint,right_wheel_joint,0.837498653554,-37.542391978,-17.353588725,71.6713829918,9.99392808976,-0.0981114799776,0.413544181822,0.592786900218,0.0,0.0,0.0,0.0
249205000000,2491,249200000000,,front_steering_joint,front_wheel_joint,left_wheel_joint,right_wheel_joint,-0.102839725539,-37.5583311396,-17.3673121167,71.678632265,-9.99320912936,-0.119617229826,-0.647014743715,-0.361663279626,0.0,0.0,0.0,0.0
249305000000,2492,249300000000,,front_steering_joint,front_wheel_joint,left_wheel_joint,right_wheel_joint,0.836373092961,-37.5676128189,-17.4491796662,71.6250057036,9.97766246892,0.0938403710194,-0.878778108944,-0.49328383615,0.0,0.0,0.0,0.0
249400000000,2493,249400000000,,front_steering_joint,front_wheel_joint,left_wheel_joint,right_wheel_joint,-0.103400826666,-37.5675440878,-17.5347931014,71.5747196777,-10.0132974715,-0.00874413033029,-0.542842463456,-0.463291314857,0.0,0.0,0.0,0.0
249505000000,2494,249500000000,,front_steering_joint,front_wheel_joint,left_wheel_joint,right_wheel_joint,0.836400892466,-37.5712898387,-17.5756336622,71.5267151452,10.0009064077,0.000178636607313,-0.250001325714,-0.391193749564,0.0,0.0,0.0,0.0
249605000000,2495,249600000000,,front_steering_joint,front_wheel_joint,left_wheel_joint,right_wheel_joint,-0.102595173656,-37.5633460495,-17.5754209873,71.5003436768,-9.99995540166,0.0651824135786,0.312644688693,-0.0350450101845,0.0,0.0,0.0,0.0
249705000000,2496,249700000000,,front_steering_joint,front_wheel_joint,left_wheel_joint,right_wheel_joint,0.836564531414,-37.5661358474,-17.5448522086,71.5201277826,9.9974134718,0.20573538104,0.206897583918,0.157909020277,0.0,0.0,0.0,0.0
249805000000,2497,249800000000,,front_steering_joint,front_wheel_joint,left_wheel_joint,right_wheel_joint,-0.103166470599,-37.5116350298,-17.4900533351,71.5341735509,-10.0000330281,0.516690100899,0.726423587817,0.369328655325,0.0,0.0,0.0,0.0
249905000000,2498,249900000000,,front_steering_joint,front_wheel_joint,left_wheel_joint,right_wheel_joint,0.83640964491,-37.463579111,-17.4191711996,71.592418523,9.99957859838,0.487098660231,0.88236952364,0.575877649337,0.0,0.0,0.0,0.0
250005000000,2499,250005000000,,front_steering_joint,front_wheel_joint,left_wheel_joint,right_wheel_joint,-0.103333241164,-37.4085983617,-17.3261449043,71.6385955292,-9.99425615136,0.450776670948,0.985608248031,0.668287125645,0.0,0.0,0.0,0.0
250105000000,2500,250105000000,,front_steering_joint,front_wheel_joint,left_wheel_joint,right_wheel_joint,0.83699729853,-37.3640032496,-17.238217568,71.7223369046,9.98855503792,0.306722196448,0.877695748456,0.735807642259,0.0,0.0,0.0,0.0
250205000000,2501,250205000000,,front_steering_joint,front_wheel_joint,left_wheel_joint,right_wheel_joint,-0.1040476084,-37.3354838513,-17.2037207937,71.7474537216,-9.98760809918,0.304351510021,-0.333969202868,-0.107768044503,0.0,0.0,0.0,0.0
250305000000,2502,250300000000,,front_steering_joint,front_wheel_joint,left_wheel_joint,right_wheel_joint,0.837656952702,-37.3008795475,-17.2439776945,71.7279621393,10.1776035817,0.0209769093445,-0.460440047147,-0.215321238464,0.0,0.0,0.0,0.0
250405000000,2503,250400000000,,front_steering_joint,front_wheel_joint,left_wheel_joint,right_wheel_joint,1.83757720788,-37.2473181918,-17.2916614993,71.6928237998,9.96733145996,0.695618325289,0.00470387809568,-1.03459712177,0.0,0.0,0.0,0.0
250505000000,2504,250500000000,,front_steering_joint,front_wheel_joint,left_wheel_joint,right_wheel_joint,2.83736695755,-37.1259561465,-17.3064929779,71.5883414356,9.99129495378,1.27939561828,-0.495113343285,-0.666417796883,0.0,0.0,0.0,0.0
250605000000,2505,250600000000,,front_steering_joint,front_wheel_joint,left_wheel_joint,right_wheel_joint,3.83677278159,-36.9313596538,-17.4149947838,71.502433349,9.99859909861,1.86354759611,-1.78472418642,-1.05886807487,0.0,0.0,0.0,0.0
250705000000,2506,250700000000,,front_steering_joint,front_wheel_joint,left_wheel_joint,right_wheel_joint,4.83635122825,-36.6782529414,-17.6468570321,71.4504987088,10.0027605752,2.16102365692,-2.48201651243,0.024170278237,0.0,0.0,0.0,0.0
250805000000,2507,250800000000,,front_steering_joint,front_wheel_joint,left_wheel_joint,right_wheel_joint,5.83604952109,-36.4063111375,-17.8316494722,71.4617675188,9.96033784215,2.74667174366,-1.26114981728,0.18025207228,0.0,0.0,0.0,0.0
250905000000,2508,250900000000,,front_steering_joint,front_wheel_joint,left_wheel_joint,right_wheel_joint,6.82925624671,-36.0745605848,-17.8930712793,71.4858376599,9.95402621879,3.32911593362,-0.0162326119384,0.299699192471,0.0,0.0,0.0,0.0
251005000000,2509,251000000000,,front_steering_joint,front_wheel_joint,left_wheel_joint,right_wheel_joint,7.82669555352,-35.6804210558,-17.8267625884,71.5022109274,9.96315920894,4.05099146219,1.34526340798,-0.516485719628,0.0,0.0,0.0,0.0
251105000000,2510,251100000000,,front_steering_joint,front_wheel_joint,left_wheel_joint,right_wheel_joint,8.82437212667,-35.2112864035,-17.67382882,71.3680141892,9.87096404919,4.61161203594,0.800514729194,-1.65458878123,0.0,0.0,0.0,0.0
251205000000,2511,251200000000,,front_steering_joint,front_wheel_joint,left_wheel_joint,right_wheel_joint,9.81840935896,-34.6827899729,-17.6997522468,71.1815385209,9.95716368862,5.2991124659,-1.1889624345,-2.08415923724,0.0,0.0,0.0,0.0
251305000000,2512,251300000000,,front_steering_joint,front_wheel_joint,left_wheel_joint,right_wheel_joint,10.8131653871,-34.0928338334,-17.9048716259,71.0013110596,9.96444074725,5.93152195589,-2.70137952986,-1.07991691358,0.0,0.0,0.0,0.0
251405000000,2513,251405000000,,front_steering_joint,front_wheel_joint,left_wheel_joint,right_wheel_joint,9.87441238551,-33.4314789248,-18.2457874678,70.9318149031,-9.98609269424,6.65237469706,-4.30774692466,-0.683523611438,0.0,0.0,0.0,0.0
251505000000,2514,251500000000,,front_steering_joint,front_wheel_joint,left_wheel_joint,right_wheel_joint,10.817814611,-32.7007870804,-18.7569830918,70.8593539097,9.98847337203,7.45891141821,-5.62028944579,-0.435938927867,0.0,0.0,0.0,0.0
251605000000,2515,251600000000,,front_steering_joint,front_wheel_joint,left_wheel_joint,right_wheel_joint,9.88267420538,-31.9012696401,-19.2933742477,70.7921337,-9.72366831945,8.76748635583,-4.84395566295,-1.57707722678,0.0,0.0,0.0,0.0
251705000000,2516,251705000000,,front_steering_joint,front_wheel_joint,left_wheel_joint,right_wheel_joint,10.8225006229,-30.9600865948,-19.8903640903,70.6624506527,9.94124661266,9.35718600093,-6.69974864874,-0.748538603265,0.0,0.0,0.0,0.0
251805000000,2517,251800000000,,front_steering_joint,front_wheel_joint,left_wheel_joint,right_wheel_joint,9.8813960183,-29.9677484926,-20.5530697643,70.5823113349,-9.93764584185,9.9793445014,-6.41843369223,-1.6020037078,0.0,0.0,0.0,0.0
251905000000,2518,251905000000,,front_steering_joint,front_wheel_joint,left_wheel_joint,right_wheel_joint,10.8215109544,-28.9624753281,-21.2477566256,70.4145543939,9.99720421127,9.93497076866,-7.53049444606,-1.15291211326,0.0,0.0,0.0,0.0
252005000000,2519,252000000000,,front_steering_joint,front_wheel_joint,left_wheel_joint,right_wheel_joint,9.88462203777,-27.9570294236,-21.9681316664,70.290645011,-9.93546954097,10.1343991061,-7.04503950222,-2.09953220449,0.0,0.0,0.0,0.0
252105000000,2520,252105000000,,front_steering_joint,front_wheel_joint,left_wheel_joint,right_wheel_joint,8.89231321073,-26.9452472713,-22.6763193437,69.9680757559,-9.98828128135,10.0173648095,-6.99628099095,-4.15071221809,0.0,0.0,0.0,0.0
252205000000,2521,252200000000,,front_steering_joint,front_wheel_joint,left_wheel_joint,right_wheel_joint,7.89335722315,-25.99342694,-23.2882065487,69.4924189542,-9.97572838711,9.59611068484,-5.30322767679,-5.32538529137,0.0,0.0,0.0,0.0
252305000000,2522,252300000000,,front_steering_joint,front_wheel_joint,left_wheel_joint,right_wheel_joint,6.89420594366,-25.0804153528,-23.742794014,68.9159717242,-9.98991676459,9.12390571392,-4.17554168318,-5.63515576331,0.0,0.0,0.0,0.0
252400000000,2523,252400000000,,front_steering_joint,front_wheel_joint,left_wheel_joint,right_wheel_joint,5.89852197777,-24.2171516929,-24.1498923527,68.4116866751,-9.86903661281,8.67249174953,-3.97604708984,-4.47832931074,0.0,0.0,0.0,0.0
252505000000,2524,252500000000,,front_steering_joint,front_wheel_joint,left_wheel_joint,right_wheel_joint,4.90006522458,-23.3967567722,-24.537251267,68.0293279658,-9.98148262826,8.18577912985,-3.77460953816,-3.21596883711,0.0,0.0,0.0,0.0
252605000000,2525,252600000000,,front_steering_joint,front_wheel_joint,left_wheel_joint,right_wheel_joint,3.90176458558,-22.6183514301,-24.9832420456,67.7847381071,-9.99066494305,7.78389813322,-5.46964573109,-1.70603899503,0.0,0.0,0.0,0.0
252705000000,2526,252700000000,,front_steering_joint,front_wheel_joint,left_wheel_joint,right_wheel_joint,2.91154560521,-21.873147579,-25.5509368216,67.5122841558,-9.98265164383,7.53555001607,-5.93454999136,-3.62770541455,0.0,0.0,0.0,0.0
252805000000,2527,252800000000,,front_steering_joint,front_wheel_joint,left_wheel_joint,right_wheel_joint,1.91520307466,-21.1701186122,-26.0591860649,67.0751282437,-9.97821622097,7.08627276395,-4.24413591531,-5.03799914007,0.0,0.0,0.0,0.0
252905000000,2528,252900000000,,front_steering_joint,front_wheel_joint,left_wheel_joint,right_wheel_joint,0.916250450826,-20.5093098373,-26.4152641303,66.5390437805,-9.99549137799,6.60307890617,-3.24702962914,-5.12327420367,0.0,0.0,0.0,0.0
253005000000,2529,253000000000,,front_steering_joint,front_wheel_joint,left_wheel_joint,right_wheel_joint,-0.0807226596966,-19.8978953926,-26.7234504108,66.0820083538,-9.99664049966,6.10031417895,-2.94407008812,-4.06105222385,0.0,0.0,0.0,0.0
253105000000,2530,253100000000,,front_steering_joint,front_wheel_joint,left_wheel_joint,right_wheel_joint,-1.07688053609,-19.3346293631,-27.0025770059,65.7373397867,-9.99755903137,5.62056024621,-2.65631802927,-2.89044285551,0.0,0.0,0.0,0.0
253205000000,2531,253200000000,,front_steering_joint,front_wheel_joint,left_wheel_joint,right_wheel_joint,-2.07599162028,-18.8166162442,-27.2861417282,65.5159595569,-9.99802176587,5.21775545844,-3.58225927716,-1.49612673533,0.0,0.0,0.0,0.0
253305000000,2532,253300000000,,front_steering_joint,front_wheel_joint,left_wheel_joint,right_wheel_joint,-1.1335868435,-18.3478334138,-27.6598451282,65.4380779542,10.0028605689,4.73674075052,-3.54767855194,-0.296582210932,0.0,0.0,0.0,0.0
253405000000,2533,253400000000,,front_steering_joint,front_wheel_joint,left_wheel_joint,right_wheel_joint,-2.07384943933,-17.9308021895,-27.9622346784,65.430759627,-9.98945866196,4.10648317924,-2.40951924695,-0.283843629853,0.0,0.0,0.0,0.0
253505000000,2534,253505000000,,front_steering_joint,front_wheel_joint,left_wheel_joint,right_wheel_joint,-1.13479639902,-17.5717801109,-28.1943708488,65.4128464186,9.99640315697,3.58231832353,-2.04510175637,0.149160663797,0.0,0.0,0.0,0.0
253605000000,2535,253605000000,,front_steering_joint,front_wheel_joint,left_wheel_joint,right_wheel_joint,-2.07604459468,-17.2690896537,-28.3500026505,65.4386089165,-10.0064392781,3.06477787624,-1.19970433224,0.035752953353,0.0,0.0,0.0,0.0
253705000000,2536,253700000000,,front_steering_joint,front_wheel_joint,left_wheel_joint,right_wheel_joint,-1.13925773072,-17.0152563105,-28.4800218139,65.4452330005,9.993709051,2.56418461516,-1.12221896948,0.366118149731,0.0,0.0,0.0,0.0
253805000000,2537,253805000000,,front_steering_joint,front_wheel_joint,left_wheel_joint,right_wheel_joint,-2.08013344075,-16.8136545756,-28.5488703365,65.4725164559,-10.0121055015,2.10228325336,-0.541548832076,0.0272711193745,0.0,0.0,0.0,0.0
253905000000,2538,253905000000,,front_steering_joint,front_wheel_joint,left_wheel_joint,right_wheel_joint,-1.14385849725,-16.6594663952,-28.6073005188,65.4694764592,9.98383338038,1.58563016232,-0.19334732824,0.0973742087605,0.0,0.0,0.0,0.0
254005000000,2539,254000000000,,front_steering_joint,front_wheel_joint,left_wheel_joint,right_wheel_joint,-2.08104884395,-16.551727061,-28.612623885,65.4785488237,-9.99336759288,1.0055371247,-0.172235976954,0.158296341389,0.0,0.0,0.0,0.0
254105000000,2540,254100000000,,front_steering_joint,front_wheel_joint,left_wheel_joint,right_wheel_joint,-1.14312709077,-16.5016892673,-28.6796320361,65.4898636582,9.99878641972,0.496925743297,-0.50261702023,-0.132707626472,0.0,0.0,0.0,0.0
254205000000,2541,254200000000,,front_steering_joint,front_wheel_joint,left_wheel_joint,right_wheel_joint,-0.143723889227,-16.4681866531,-28.7005763392,65.4609997298,9.99634855474,0.283725600228,-0.0888243292006,-0.27148093463,0.0,0.0,0.0,0.0
254305000000,2542,254300000000,,front_steering_joint,front_wheel_joint,left_wheel_joint,right_wheel_joint,0.854643931481,-16.4505326886,-28.7621756267,65.4157351787,10.0034221765,0.357881238023,-1.04638712855,-0.648860886951,0.0,0.0,0.0,0.0
254405000000,2543,254400000000,,front_steering_joint,front_wheel_joint,left_wheel_joint,right_wheel_joint,1.8546878777,-16.4193908843,-28.8296345677,65.3589555432,9.99854615807,0.284255569991,-0.554270681845,-0.471509075659,0.0,0.0,0.0,0.0
254505000000,2544,254505000000,,front_steering_joint,front_wheel_joint,left_wheel_joint,right_wheel_joint,0.915127232303,-16.3698685084,-28.8464987778,65.3036455809,-10.0056800196,0.608879052855,-0.0283486829009,-0.303291323521,0.0,0.0,0.0,0.0
254605000000,2545,254600000000,,front_steering_joint,front_wheel_joint,left_wheel_joint,right_wheel_joint,1.85344256743,-16.3398550545,-28.830233802,65.2831691635,10.0405268438,0.0689395005922,0.107852804328,-0.0644260228225,0.0,0.0,0.0,0.0
254705000000,2546,254700000000,,front_steering_joint,front_wheel_joint,left_wheel_joint,right_wheel_joint,0.91528930257,-16.3091734061,-28.8442984897,65.2962668352,-9.98629654767,0.263807463027,-0.134767515656,0.013962236639,0.0,0.0,0.0,0.0
254805000000,2547,254800000000,,front_steering_joint,front_wheel_joint,left_wheel_joint,right_wheel_joint,1.85525498227,-16.2714148662,-28.8629612689,65.286843051,9.97413990844,0.713525175666,0.0589208889543,-0.38745379029,0.0,0.0,0.0,0.0
254905000000,2548,254900000000,,front_steering_joint,front_wheel_joint,left_wheel_joint,right_wheel_joint,0.914158995411,-16.2289816255,-28.8401099203,65.243681538,-9.99455718501,0.427979470131,0.215042898964,-0.133135553364,0.0,0.0,0.0,0.0
255005000000,2549,255000000000,,front_steering_joint,front_wheel_joint,left_wheel_joint,right_wheel_joint,1.85173658292,-16.1974214022,-28.8314470344,65.2504974825,9.98314998382,0.671687004708,0.0355036755705,0.127676954716,0.0,0.0,0.0,0.0
255105000000,2550,255105000000,,front_steering_joint,front_wheel_joint,left_wheel_joint,right_wheel_joint,0.914161967806,-16.1668318116,-28.8457853365,65.2665804518,-10.0078714434,0.545515483647,-0.0571395374845,-0.01625446286,0.0,0.0,0.0,0.0
255200000000,2551,255200000000,,front_steering_joint,front_wheel_joint,left_wheel_joint,right_wheel_joint,1.85435630035,-16.1310905873,-28.859912274,65.2601157339,9.97983690012,0.642989539018,0.0457528404087,-0.285072736509,0.0,0.0,0.0,0.0
255305000000,2552,255300000000,,front_steering_joint,front_wheel_joint,left_wheel_joint,right_wheel_joint,0.915332605359,-16.1003295109,-28.8768966761,65.2582981365,-9.96645009333,0.255472099582,-0.0356382451893,-0.0879345200286,0.0,0.0,0.0,0.0
255405000000,2553,255405000000,,front_steering_joint,front_wheel_joint,left_wheel_joint,right_wheel_joint,1.85363407418,-16.0659770666,-28.8848913407,65.2504212846,9.9855487157,0.645732672913,0.0430225431148,-0.214827946625,0.0,0.0,0.0,0.0
255505000000,2554,255500000000,,front_steering_joint,front_wheel_joint,left_wheel_joint,right_wheel_joint,0.914182912421,-16.0360299222,-28.9041438151,65.2550934695,-9.98308598639,0.312698782827,-0.13788266842,-0.0309031149563,0.0,0.0,0.0,0.0
255605000000,2555,255600000000,,front_steering_joint,front_wheel_joint,left_wheel_joint,right_wheel_joint,-0.0857114763017,-15.9971131041,-28.9037742205,65.2580118446,-9.98139323882,0.145871611121,0.165170556493,0.124537076249,0.0,0.0,0.0,0.0
255705000000,2556,255700000000,,front_steering_joint,front_wheel_joint,left_wheel_joint,right_wheel_joint,-1.08560403528,-15.9552869558,-28.8688023199,65.2903174673,-10.0015644583,0.270615881671,0.333028204282,0.0862429478605,0.0,0.0,0.0,0.0
255805000000,2557,255805000000,,front_steering_joint,front_wheel_joint,left_wheel_joint,right_wheel_joint,-2.08549151337,-15.9226946694,-28.8681636966,65.2685590274,-10.0097636371,0.183422519482,-0.22119527041,-0.109267221451,0.0,0.0,0.0,0.0
255905000000,2558,255900000000,,front_steering_joint,front_wheel_joint,left_wheel_joint,right_wheel_joint,-1.14539348588,-15.8876474441,-28.9229952096,65.2730200855,9.99972540895,0.31231073582,-0.478070046678,-0.0202455963089,0.0,0.0,0.0,0.0
256005000000,2559,256000000000,,front_steering_joint,front_wheel_joint,left_wheel_joint,right_wheel_joint,-2.08521353458,-15.8596587295,-28.9254804237,65.2454867828,-10.0048697571,0.275566824816,-0.0250622402633,-0.129733233979,0.0,0.0,0.0,0.0
256105000000,2560,256100000000,,front_steering_joint,front_wheel_joint,left_wheel_joint,right_wheel_joint,-1.14477088354,-15.835150074,-28.9490421616,65.2456893961,9.98185851737,0.0227986578884,-0.0738003343523,-0.177049849105,0.0,0.0,0.0,0.0
256205000000,2561,256200000000,,front_steering_joint,front_wheel_joint,left_wheel_joint,right_wheel_joint,-2.08482078338,-15.7977805062,-28.9606211901,65.2268370837,-9.99407266902,0.137705274168,-0.450377523327,0.048408901931,0.0,0.0,0.0,0.0
256305000000,2562,256300000000,,front_steering_joint,front_wheel_joint,left_wheel_joint,right_wheel_joint,-1.1446073225,-15.7630393269,-29.0313020705,65.2269388482,9.99982972025,0.368432964776,-0.509220732459,-0.220978080745,0.0,0.0,0.0,0.0
256405000000,2563,256400000000,,front_steering_joint,front_wheel_joint,left_wheel_joint,right_wheel_joint,-2.08361769397,-15.727659996,-29.0557838272,65.1954438189,-10.0019724626,0.342421615757,-0.226275420412,-0.188698510886,0.0,0.0,0.0,0.0
256505000000,2564,256500000000,,front_steering_joint,front_wheel_joint,left_wheel_joint,right_wheel_joint,-1.14495326513,-15.693723901,-29.0978830247,65.196225414,10.0020902161,0.326737894331,-0.469482781211,0.0951002898743,0.0,0.0,0.0,0.0
256605000000,2565,256600000000,,front_steering_joint,front_wheel_joint,left_wheel_joint,right_wheel_joint,-2.08431474201,-15.6647294898,-29.0978606399,65.1751860072,-9.99819921761,0.301860972351,0.0277115513866,-0.101118346842,0.0,0.0,0.0,0.0
256705000000,2566,256700000000,,front_steering_joint,front_wheel_joint,left_wheel_joint,right_wheel_joint,-1.14298262208,-15.6262360981,-29.1149570712,65.1791805563,9.99177494854,0.458305840704,-0.22659154993,0.112526777105,0.0,0.0,0.0,0.0
256805000000,2567,256805000000,,front_steering_joint,front_wheel_joint,left_wheel_joint,right_wheel_joint,-0.142810228651,-15.5240784105,-29.1100807193,65.1898039946,10.0007868708,1.09147584253,0.403596381902,0.260564817832,0.0,0.0,0.0,0.0
256905000000,2568,256900000000,,front_steering_joint,front_wheel_joint,left_wheel_joint,right_wheel_joint,0.859922322337,-15.369660439,-29.0363559305,65.2415397961,9.97677232412,1.47691133452,0.695692485806,0.519080508851,0.0,0.0,0.0,0.0
257005000000,2569,257000000000,,front_steering_joint,front_wheel_joint,left_wheel_joint,right_wheel_joint,1.85976971792,-15.1679655548,-28.9785398805,65.2298029571,10.0100260235,2.05882469547,0.18891795759,-0.579071481755,0.0,0.0,0.0,0.0
257105000000,2570,257100000000,,front_steering_joint,front_wheel_joint,left_wheel_joint,right_wheel_joint,2.85419444006,-14.8943140671,-29.0179797192,65.1088528886,9.96579500529,2.84390305805,-1.06402070253,-1.74760701676,0.0,0.0,0.0,0.0
257205000000,2571,257200000000,,front_steering_joint,front_wheel_joint,left_wheel_joint,right_wheel_joint,3.85236550466,-14.5423066161,-29.2040028536,64.8890953335,9.88266841269,3.42762991668,-2.6015673984,-2.07604878423,0.0,0.0,0.0,0.0
257305000000,2572,257300000000,,front_steering_joint,front_wheel_joint,left_wheel_joint,right_wheel_joint,4.84821939826,-14.1347793464,-29.5395068217,64.7702908458,9.99973213144,3.93555971889,-3.62580495365,-0.589602186118,0.0,0.0,0.0,0.0
257405000000,2573,257400000000,,front_steering_joint,front_wheel_joint,left_wheel_joint,right_wheel_joint,5.85189148232,-13.6849347813,-29.8513554574,64.7373927735,9.97935207053,4.51341394984,-2.64734126271,-0.111147847472,0.0,0.0,0.0,0.0
257505000000,2574,257500000000,,front_steering_joint,front_wheel_joint,left_wheel_joint,right_wheel_joint,6.85145420062,-13.1744362887,-30.0614797724,64.7481555126,10.0032889838,5.0854731069,-1.58480311701,0.293426969349,0.0,0.0,0.0,0.0
257605000000,2575,257600000000,,front_steering_joint,front_wheel_joint,left_wheel_joint,right_wheel_joint,7.8447488197,-12.6058772413,-30.1479608972,64.7410049354,9.85269445309,5.72036046293,-0.0743268353037,-0.980720759302,0.0,0.0,0.0,0.0
257705000000,2576,257700000000,,front_steering_joint,front_wheel_joint,left_wheel_joint,right_wheel_joint,6.90456346017,-12.0826010534,-30.078174254,64.6023890292,-9.90106840829,5.23379086354,1.16773258828,-1.22270614519,0.0,0.0,0.0,0.0
257805000000,2577,257800000000,,front_steering_joint,front_wheel_joint,left_wheel_joint,right_wheel_joint,5.90980727877,-11.607785477,-29.9369233573,64.521064432,-9.88862394772,4.77590623213,1.14405733667,-0.153339516921,0.0,0.0,0.0,0.0
257905000000,2578,257905000000,,front_steering_joint,front_wheel_joint,left_wheel_joint,right_wheel_joint,4.91636831685,-11.1736466756,-29.9106309617,64.6047802677,-9.99264652596,4.38999380035,-0.501954940013,1.73060023562,0.0,0.0,0.0,0.0
258005000000,2579,258005000000,,front_steering_joint,front_wheel_joint,left_wheel_joint,right_wheel_joint,3.92011349628,-10.7743869744,-30.0050862364,64.7803481031,-9.89934891332,4.20838315669,-1.38091501986,1.29313612844,0.0,0.0,0.0,0.0
258105000000,2580,258100000000,,front_steering_joint,front_wheel_joint,left_wheel_joint,right_wheel_joint,2.92328488935,-10.3920953828,-30.1914199686,64.8526290936,-9.99440378128,3.70242778794,-1.51899254906,-0.1187707781,0.0,0.0,0.0,0.0
258205000000,2581,258200000000,,front_steering_joint,front_wheel_joint,left_wheel_joint,right_wheel_joint,1.92804833506,-10.0634676297,-30.2601959265,64.7291274498,-9.99621963487,3.30540989139,0.0747301403842,-2.22890995242,0.0,0.0,0.0,0.0
258305000000,2582,258300000000,,front_steering_joint,front_wheel_joint,left_wheel_joint,right_wheel_joint,0.928518588345,-9.77987618309,-30.2406713784,64.5256922776,-9.9920421382,2.89892644083,0.405085273456,-1.7016086841,0.0,0.0,0.0,0.0
258405000000,2583,258400000000,,front_steering_joint,front_wheel_joint,left_wheel_joint,right_wheel_joint,-0.071641614266,-9.53549752099,-30.1576598358,64.384704367,-10.0391144403,2.28785427615,0.844682289438,-0.936146394159,0.0,0.0,0.0,0.0
258505000000,2584,258500000000,,front_steering_joint,front_wheel_joint,left_wheel_joint,right_wheel_joint,-1.06774836302,-9.35325330992,-30.1434877002,64.3837321638,-9.99006057782,1.86527045186,-0.421372147673,0.770198527541,0.0,0.0,0.0,0.0
258605000000,2585,258600000000,,front_steering_joint,front_wheel_joint,left_wheel_joint,right_wheel_joint,-2.06764278112,-9.22219197013,-30.1609026039,64.4227446748,-10.0178026469,1.46089730287,-0.262319412238,-0.103875962235,0.0,0.0,0.0,0.0
258705000000,2586,258705000000,,front_steering_joint,front_wheel_joint,left_wheel_joint,right_wheel_joint,-3.06505558713,-9.10642401637,-30.2459696145,64.3713972879,-9.96117911028,1.2676694433,-1.23620399832,-0.989273267957,0.0,0.0,0.0,0.0
258805000000,2587,258805000000,,front_steering_joint,front_wheel_joint,left_wheel_joint,right_wheel_joint,-4.06451358614,-9.02545688891,-30.3551906025,64.2491685427,-10.0100198725,0.723010018843,-0.738370796311,-1.13694252264,0.0,0.0,0.0,0.0
258905000000,2588,258900000000,,front_steering_joint,front_wheel_joint,left_wheel_joint,right_wheel_joint,-5.0659063909,-9.00030584003,-30.4173066993,64.1643455917,-9.99456447602,0.183184747665,-0.524680449231,-0.519525395891,0.0,0.0,0.0,0.0
259005000000,2589,259000000000,,front_steering_joint,front_wheel_joint,left_wheel_joint,right_wheel_joint,-6.06611741447,-9.01874115252,-30.4431388632,64.1436277272,-10.0034616399,-0.227946983975,0.0546665992645,-0.0676893013431,0.0,0.0,0.0,0.0
259105000000,2590,259100000000,,front_steering_joint,front_wheel_joint,left_wheel_joint,right_wheel_joint,-7.0656530578,-9.09769899243,-30.4439157229,64.1284367802,-9.99348057499,-0.823487835383,-0.176191991392,-0.589225222399,0.0,0.0,0.0,0.0
259205000000,2591,259200000000,,front_steering_joint,front_wheel_joint,left_wheel_joint,right_wheel_joint,-8.06576063677,-9.23016841996,-30.4556060238,64.086222493,-10.0239734542,-1.41335677464,0.16204532153,-0.152235518209,0.0,0.0,0.0,0.0
259305000000,2592,259300000000,,front_steering_joint,front_wheel_joint,left_wheel_joint,right_wheel_joint,-9.0633892729,-9.43179582524,-30.3898251505,64.0775132009,-9.80720327037,-2.28897783142,0.901697385354,0.259972204076,0.0,0.0,0.0,0.0
259405000000,2593,259400000000,,front_steering_joint,front_wheel_joint,left_wheel_joint,right_wheel_joint,-10.0616655454,-9.7183824799,-30.2829030859,64.14434488,-9.99633417661,-2.88267506455,0.731807712853,1.31768991047,0.0,0.0,0.0,0.0
259505000000,2594,259500000000,,front_steering_joint,front_wheel_joint,left_wheel_joint,right_wheel_joint,-11.0606790293,-10.0675554405,-30.2786066121,64.3602403974,-9.98886176815,-3.27763413605,-0.404468961827,2.47646339273,0.0,0.0,0.0,0.0
259605000000,2595,259600000000,,front_steering_joint,front_wheel_joint,left_wheel_joint,right_wheel_joint,-12.0542646406,-10.4706978286,-30.3717334063,64.5500401072,-9.94532249633,-4.16507149825,-1.73651594014,1.52061098731,0.0,0.0,0.0,0.0
259705000000,2596,259700000000,,front_steering_joint,front_wheel_joint,left_wheel_joint,right_wheel_joint,-11.1185933857,-10.9504675948,-30.643503811,64.6926619874,9.99224502415,-4.69444643567,-3.26699354544,1.22022353542,0.0,0.0,0.0,0.0
259805000000,2597,259800000000,,front_steering_joint,front_wheel_joint,left_wheel_joint,right_wheel_joint,-12.0566970508,-11.4882027026,-30.9860967133,64.7850282118,-10.0135428295,-5.06393352971,-3.75022730333,0.469705945753,0.0,0.0,0.0,0.0
259905000000,2598,259900000000,,front_steering_joint,front_wheel_joint,left_wheel_joint,right_wheel_joint,-11.1183483267,-12.0507189258,-31.390672633,64.7970428375,9.9989909909,-5.55314123125,-4.10314196705,0.0161088206363,0.0,0.0,0.0,0.0
260005000000,2599,260000000000,,front_steering_joint,front_wheel_joint,left_wheel_joint,right_wheel_joint,-12.0550532679,-12.6545271286,-31.7639236077,64.7665578108,-9.9858069037,-6.07079319176,-3.58421653597,-1.00394622273,0.0,0.0,0.0,0.0
260105000000,2600,260100000000,,front_steering_joint,front_wheel_joint,left_wheel_joint,right_wheel_joint,-11.1179664076,-13.3266718701,-32.2181093077,64.6926673403,10.0091948753,-6.85420095749,-5.03487093304,-0.307649249247,0.0,0.0,0.0,0.0
260205000000,2601,260200000000,,front_steering_joint,front_wheel_joint,left_wheel_joint,right_wheel_joint,-12.052625002,-14.062356982,-32.7090023567,64.6486827998,-9.95299558737,-7.27663790195,-4.79403954305,-1.19982809019,0.0,0.0,0.0,0.0
260305000000,2602,260300000000,,front_steering_joint,front_wheel_joint,left_wheel_joint,right_wheel_joint,-11.1134939826,-14.7476420418,-33.237788197,64.5272998039,9.97134442599,-6.85345808989,-5.58028827476,-0.722572911213,0.0,0.0,0.0,0.0
260405000000,2603,260400000000,,front_steering_joint,front_wheel_joint,left_wheel_joint,right_wheel_joint,-10.1142155411,-15.3925281859,-33.7766952796,64.5167675739,9.98130542242,-6.46519414751,-5.22613407808,0.42541067693,0.0,0.0,0.0,0.0
260505000000,2604,260500000000,,front_steering_joint,front_wheel_joint,left_wheel_joint,right_wheel_joint,-9.1158253375,-15.9847520191,-34.2070106736,64.5048431786,9.94500541294,-5.97383578549,-3.37056412212,-0.708236667818,0.0,0.0,0.0,0.0
260605000000,2605,260600000000,,front_steering_joint,front_wheel_joint,left_wheel_joint,right_wheel_joint,-8.11933362802,-16.5378665045,-34.4407968559,64.3621750805,9.99653126759,-5.54378804434,-1.41051567353,-2.0819628726,0.0,0.0,0.0,0.0
260705000000,2606,260700000000,,front_steering_joint,front_wheel_joint,left_wheel_joint,right_wheel_joint,-7.12019733157,-17.0465141569,-34.4971953056,64.0892106738,9.87079644063,-5.1320810103,-0.429971655984,-3.114374005,0.0,0.0,0.0,0.0
260805000000,2607,260800000000,,front_steering_joint,front_wheel_joint,left_wheel_joint,right_wheel_joint,-6.12465216255,-17.5182566219,-34.5957823177,63.7399537878,9.99596198982,-4.63290052056,-1.9133252635,-3.08767324777,0.0,0.0,0.0,0.0
260905000000,2608,260900000000,,front_steering_joint,front_wheel_joint,left_wheel_joint,right_wheel_joint,-5.12878565016,-17.9434884732,-34.9059627871,63.5053530197,9.99248408514,-4.20812829935,-4.12128666951,-1.69162899984,0.0,0.0,0.0,0.0
261005000000,2609,261000000000,,front_steering_joint,front_wheel_joint,left_wheel_joint,right_wheel_joint,-4.130262505,-18.3204584179,-35.3083983739,63.3952312727,9.99460257587,-3.80707373304,-3.89809929147,-0.563958810594,0.0,0.0,0.0,0.0
261105000000,2610,261100000000,,front_steering_joint,front_wheel_joint,left_wheel_joint,right_wheel_joint,-3.12970511753,-18.652995978,-35.6694361735,63.3816201375,10.0540655412,-3.17895153135,-3.02677225241,-0.264010216659,0.0,0.0,0.0,0.0
261205000000,2611,261205000000,,front_steering_joint,front_wheel_joint,left_wheel_joint,right_wheel_joint,-2.13255350536,-18.9229981811,-35.8713092683,63.2806208435,9.98326341747,-2.77188106021,-1.12620809243,-1.6937219249,0.0,0.0,0.0,0.0
261305000000,2612,261300000000,,front_steering_joint,front_wheel_joint,left_wheel_joint,right_wheel_joint,-1.13343958952,-19.1496766687,-35.9117850959,63.0734451473,9.99907112923,-2.15686252527,-0.212420376379,-2.01669897035,0.0,0.0,0.0,0.0
261405000000,2613,261400000000,,front_steering_joint,front_wheel_joint,left_wheel_joint,right_wheel_joint,-0.135219168637,-19.3204399484,-35.9848835168,62.9047903801,10.0042216247,-1.53561725491,-1.24159723041,-1.525840745,0.0,0.0,0.0,0.0
261505000000,2614,261500000000,,front_steering_joint,front_wheel_joint,left_wheel_joint,right_wheel_joint,0.865103226405,-19.4262633678,-36.1288236505,62.7798804084,10.0093966995,-0.99208126525,-1.37713207611,-0.885212740427,0.0,0.0,0.0,0.0
261605000000,2615,261600000000,,front_steering_joint,front_wheel_joint,left_wheel_joint,right_wheel_joint,1.86604550317,-19.476006679,-36.2323046773,62.7016324072,9.99819964951,-0.55570311414,-0.66311353301,-0.690148080729,0.0,0.0,0.0,0.0
261705000000,2616,261700000000,,front_steering_joint,front_wheel_joint,left_wheel_joint,right_wheel_joint,2.86575741622,-19.4929935128,-36.2730701914,62.6717839654,9.999811684,-0.0876519170127,-0.216058713937,0.0684494425867,0.0,0.0,0.0,0.0
261805000000,2617,261800000000,,front_steering_joint,front_wheel_joint,left_wheel_joint,right_wheel_joint,3.86655379908,-19.4624196977,-36.2741267772,62.6814107772,10.0033862441,0.37318849244,0.303733757635,0.151086757984,0.0,0.0,0.0,0.0
261905000000,2618,261900000000,,front_steering_joint,front_wheel_joint,left_wheel_joint,right_wheel_joint,4.86618108489,-19.3707584139,-36.293005564,62.7301086177,9.98878387072,0.767104620751,-0.112937612978,0.300824323979,0.0,0.0,0.0,0.0
262000000000,2619,262000000000,,front_steering_joint,front_wheel_joint,left_wheel_joint,right_wheel_joint,5.86600937871,-19.2379091389,-36.2781990026,62.7636352997,10.0097427527,1.32598211162,0.373402229028,0.559831321034,0.0,0.0,0.0,0.0
262105000000,2620,262100000000,,front_steering_joint,front_wheel_joint,left_wheel_joint,right_wheel_joint,6.86246243298,-19.0445601043,-36.2123236496,62.8558258142,10.011223993,1.84509389646,1.11795824494,0.770759415801,0.0,0.0,0.0,0.0
262205000000,2621,262200000000,,front_steering_joint,front_wheel_joint,left_wheel_joint,right_wheel_joint,7.86153602684,-18.8002833911,-36.0229929898,62.875395024,10.0010539687,2.24036089524,2.03334003066,0.0633713988696,0.0,0.0,0.0,0.0
262305000000,2622,262300000000,,front_steering_joint,front_wheel_joint,left_wheel_joint,right_wheel_joint,8.8596451717,-18.5120632165,-35.879318239,62.8450392698,9.88605525528,3.31596085115,1.02105241277,-0.873327419618,0.0,0.0,0.0,0.0
262405000000,2623,262400000000,,front_steering_joint,front_wheel_joint,left_wheel_joint,right_wheel_joint,7.92332636418,-18.1141944718,-35.7806281244,62.6456091584,-10.0067666182,4.00941061325,0.928260335347,-2.64862391708,0.0,0.0,0.0,0.0
262505000000,2624,262500000000,,front_steering_joint,front_wheel_joint,left_wheel_joint,right_wheel_joint,8.86173649883,-17.6629092191,-35.7403455129,62.4128400305,9.75515200201,4.88666653199,-0.205722871411,-2.40923044606,0.0,0.0,0.0,0.0
262605000000,2625,262605000000,,front_steering_joint,front_wheel_joint,left_wheel_joint,right_wheel_joint,7.92367528151,-17.1045030355,-35.7321190989,62.0466991638,-9.97444082287,5.63955570677,0.412378260548,-4.229522042,0.0,0.0,0.0,0.0
262705000000,2626,262700000000,,front_steering_joint,front_wheel_joint,left_wheel_joint,right_wheel_joint,8.86143707378,-16.479424723,-35.6978500032,61.624880496,10.0069567736,6.05548056009,-0.179853407187,-4.28910393331,0.0,0.0,0.0,0.0
262805000000,2627,262800000000,,front_steering_joint,front_wheel_joint,left_wheel_joint,right_wheel_joint,7.92243769248,-15.8171889306,-35.7331204857,61.156080342,-10.0066042037,6.78383588616,-0.22411598243,-4.76151207149,0.0,0.0,0.0,0.0
262905000000,2628,262900000000,,front_steering_joint,front_wheel_joint,left_wheel_joint,right_wheel_joint,8.86071792377,-15.0920260722,-35.7621826915,60.6900545864,10.0137068494,7.33261833557,-1.03923248518,-4.52214517268,0.0,0.0,0.0,0.0
263005000000,2629,263000000000,,front_steering_joint,front_wheel_joint,left_wheel_joint,right_wheel_joint,7.92403508739,-14.2975522122,-35.8471207353,60.1647535213,-9.98884612347,7.93364623453,-0.232451959784,-5.66824979046,0.0,0.0,0.0,0.0
263105000000,2630,263100000000,,front_steering_joint,front_wheel_joint,left_wheel_joint,right_wheel_joint,8.86443475499,-13.450537123,-35.8817193688,59.6203937092,10.1232552205,8.61952954969,-1.15683339598,-5.45592781225,0.0,0.0,0.0,0.0
263205000000,2631,263200000000,,front_steering_joint,front_wheel_joint,left_wheel_joint,right_wheel_joint,7.93036221576,-12.5230718123,-35.9963924822,59.0173173741,-9.99589318346,9.18743014606,-0.582733469687,-6.49460064375,0.0,0.0,0.0,0.0
263305000000,2632,263300000000,,front_steering_joint,front_wheel_joint,left_wheel_joint,right_wheel_joint,8.86812316267,-11.5442027514,-36.0541354134,58.3707485772,9.96841727488,9.91761119147,-1.15371182671,-6.78730143335,0.0,0.0,0.0,0.0
263405000000,2633,263400000000,,front_steering_joint,front_wheel_joint,left_wheel_joint,right_wheel_joint,7.93095541456,-10.531582872,-36.188708209,57.6327034541,-10.0363744487,10.1688946612,-1.18914455435,-7.73771658268,0.0,0.0,0.0,0.0
263505000000,2634,263500000000,,front_steering_joint,front_wheel_joint,left_wheel_joint,right_wheel_joint,8.86827890229,-9.51369529961,-36.291538915,56.8868063193,9.92476037135,10.3850079984,-1.30647925393,-7.72312743848,0.0,0.0,0.0,0.0
263605000000,2635,263600000000,,front_steering_joint,front_wheel_joint,left_wheel_joint,right_wheel_joint,7.92794992622,-8.50547892457,-36.4283189365,56.0752256164,-9.99155497599,9.97103512711,-1.16967605004,-8.10111145638,0.0,0.0,0.0,0.0
263705000000,2636,263705000000,,front_steering_joint,front_wheel_joint,left_wheel_joint,right_wheel_joint,8.86869830597,-7.50565073664,-36.5430171229,55.3088100848,10.0043341249,9.99087123995,-1.75401118011,-7.25525447173,0.0,0.0,0.0,0.0
263805000000,2637,263800000000,,front_steering_joint,front_wheel_joint,left_wheel_joint,right_wheel_joint,7.93001886563,-6.49950172958,-36.7262678165,54.5576633254,-9.9969180185,10.1235655719,-1.24306194738,-7.84268005779,0.0,0.0,0.0,0.0
263905000000,2638,263900000000,,front_steering_joint,front_wheel_joint,left_wheel_joint,right_wheel_joint,8.86829053417,-5.50266681582,-36.8654765011,53.8318813541,9.99387688689,10.1089126779,-2.15054260457,-6.86819994339,0.0,0.0,0.0,0.0
264005000000,2639,264000000000,,front_steering_joint,front_wheel_joint,left_wheel_joint,right_wheel_joint,7.92950863097,-4.49674838785,-37.0866693296,53.1011463435,-9.99928684209,10.0015837309,-1.6603774822,-7.64615823582,0.0,0.0,0.0,0.0
264105000000,2640,264100000000,,front_steering_joint,front_wheel_joint,left_wheel_joint,right_wheel_joint,6.92988018682,-3.54470716277,-37.1506679382,52.3448763454,-10.0011921865,9.53111028738,0.106126765666,-7.43431601965,0.0,0.0,0.0,0.0
264205000000,2641,264200000000,,front_steering_joint,front_wheel_joint,left_wheel_joint,right_wheel_joint,5.93201157261,-2.63796093385,-37.1568099676,51.676034692,-9.92491799841,9.06738690129,-0.597355648688,-5.87907334354,0.0,0.0,0.0,0.0
264305000000,2642,264300000000,,front_steering_joint,front_wheel_joint,left_wheel_joint,right_wheel_joint,4.93932164867,-1.77711722093,-37.3051991188,51.1938904275,-9.85058164738,8.65880334646,-2.33444126276,-3.86668782876,0.0,0.0,0.0,0.0
264405000000,2643,264400000000,,front_steering_joint,front_wheel_joint,left_wheel_joint,right_wheel_joint,3.94306780349,-0.954344997531,-37.6363955939,50.910496514,-9.98780676897,8.21816502558,-4.1825444314,-1.92787925407,0.0,0.0,0.0,0.0
264505000000,2644,264500000000,,front_steering_joint,front_wheel_joint,left_wheel_joint,right_wheel_joint,2.94841838733,-0.16610810678,-38.1304813223,50.663545632,-9.98811084337,7.7728445822,-5.22341793057,-3.08638067659,0.0,0.0,0.0,0.0
264605000000,2645,264600000000,,front_steering_joint,front_wheel_joint,left_wheel_joint,right_wheel_joint,1.95367592924,0.565398365385,-38.5663009321,50.2550257799,-9.86255448914,7.33067192093,-3.57709377682,-4.98912998662,0.0,0.0,0.0,0.0
264705000000,2646,264705000000,,front_steering_joint,front_wheel_joint,left_wheel_joint,right_wheel_joint,0.955208018347,1.24846625993,-38.8588443477,49.7217779853,-9.99059172282,6.83060221769,-2.48669944985,-5.16659265372,0.0,0.0,0.0,0.0
264805000000,2647,264800000000,,front_steering_joint,front_wheel_joint,left_wheel_joint,right_wheel_joint,-0.0438281633376,1.88448572449,-39.0645134007,49.2386186947,-9.99825744856,6.36932663677,-1.67466491808,-4.50513357503,0.0,0.0,0.0,0.0
264905000000,2648,264900000000,,front_steering_joint,front_wheel_joint,left_wheel_joint,right_wheel_joint,0.894105729148,2.47374776346,-39.2073408675,48.8432017745,10.0014402539,5.87741664644,-1.10626347844,-3.55380547533,0.0,0.0,0.0,0.0
265005000000,2649,265000000000,,front_steering_joint,front_wheel_joint,left_wheel_joint,right_wheel_joint,-0.0451981303798,3.01326372398,-39.2713951537,48.5208101824,-9.98033065556,5.43437129085,-0.360618219351,-2.80256992385,0.0,0.0,0.0,0.0
265100000000,2650,265100000000,,front_steering_joint,front_wheel_joint,left_wheel_joint,right_wheel_joint,0.896179685999,3.50890907323,-39.2947024515,48.3056146349,9.97924011086,4.91771340552,-0.0141835784923,-1.66422344807,0.0,0.0,0.0,0.0
265205000000,2651,265200000000,,front_steering_joint,front_wheel_joint,left_wheel_joint,right_wheel_joint,-0.0425529509776,3.951720489,-39.2599646343,48.1789740053,-9.97454543302,4.47200355337,0.545221865401,-0.78878801815,0.0,0.0,0.0,0.0
265305000000,2652,265300000000,,front_steering_joint,front_wheel_joint,left_wheel_joint,right_wheel_joint,0.898954495997,4.35198553906,-39.1958749698,48.1628679786,9.97740151129,4.05743159463,1.05041747907,-0.0459985777359,0.0,0.0,0.0,0.0
265405000000,2653,265400000000,,front_steering_joint,front_wheel_joint,left_wheel_joint,right_wheel_joint,-0.0408028587007,4.70900259019,-39.0511938434,48.1871396183,-9.98416273385,3.6207815335,1.60234049084,0.751167833554,0.0,0.0,0.0,0.0
265505000000,2654,265505000000,,front_steering_joint,front_wheel_joint,left_wheel_joint,right_wheel_joint,0.899699048985,5.0267809958,-38.8687898099,48.3015871145,9.99240768338,3.22174613541,2.50438663564,0.826984357443,0.0,0.0,0.0,0.0
265605000000,2655,265600000000,,front_steering_joint,front_wheel_joint,left_wheel_joint,right_wheel_joint,-0.0425335032935,5.3112246269,-38.6086236453,48.4243165039,-10.0027004336,2.7768946274,2.65586281223,1.77896150373,0.0,0.0,0.0,0.0
265700000000,2656,265700000000,,front_steering_joint,front_wheel_joint,left_wheel_joint,right_wheel_joint,0.898677548822,5.5281652021,-38.3798377662,48.5977535211,10.0054622476,2.22146247937,2.04195730734,1.08379246649,0.0,0.0,0.0,0.0
265805000000,2657,265800000000,,front_steering_joint,front_wheel_joint,left_wheel_joint,right_wheel_joint,-0.0423186758166,5.69744078159,-38.2125869215,48.6970527183,-9.9758796035,1.57536535137,1.31035398013,1.26631270733,0.0,0.0,0.0,0.0
265905000000,2658,265905000000,,front_steering_joint,front_wheel_joint,left_wheel_joint,right_wheel_joint,0.897760819516,5.79454770802,-38.108666572,48.7928096525,10.0032177387,0.995868159929,0.676516507848,0.488475330379,0.0,0.0,0.0,0.0
266005000000,2659,266000000000,,front_steering_joint,front_wheel_joint,left_wheel_joint,right_wheel_joint,-0.0444770438681,5.84405123653,-38.0567974474,48.8213013334,-10.0001944229,0.589872050357,0.423810578902,0.437014461082,0.0,0.0,0.0,0.0
266105000000,2660,266100000000,,front_steering_joint,front_wheel_joint,left_wheel_joint,right_wheel_joint,0.896570248897,5.85933329669,-37.9809874163,48.8751124924,9.97422742659,0.0844488775819,1.16231023945,0.488611534338,0.0,0.0,0.0,0.0
266205000000,2661,266200000000,,front_steering_joint,front_wheel_joint,left_wheel_joint,right_wheel_joint,-0.0486190748026,5.86445200365,-37.8923905039,48.9354308503,-9.98940376881,0.181301807288,0.841238369821,0.83374776674,0.0,0.0,0.0,0.0
